{
  "viewport": {
    "width": 1536,
    "height": 686
  },
  "header": {
    "x": 0,
    "y": 56,
    "width": 1520.800048828125,
    "height": 106.25,
    "top": 56,
    "right": 1520.800048828125,
    "bottom": 162.25,
    "left": 0
  },
  "hero": {
    "x": 248.40000915527344,
    "y": 128,
    "width": 1024,
    "height": 520.5499877929688,
    "top": 128,
    "right": 1272.4000091552734,
    "bottom": 648.5499877929688,
    "left": 248.40000915527344
  },
  "title": {
    "x": 248.40000915527344,
    "y": 219.9875030517578,
    "width": 1024,
    "height": 132.47500610351562,
    "top": 219.9875030517578,
    "right": 1272.4000091552734,
    "bottom": 352.46250915527344,
    "left": 248.40000915527344
  },
  "about": {
    "x": 0,
    "y": 704.5499877929688,
    "width": 1520.800048828125,
    "height": 1096.6500244140625,
    "top": 704.5499877929688,
    "right": 1520.800048828125,
    "bottom": 1801.2000122070312,
    "left": 0
  },
  "scrollY": 0,
  "bodyHeight": 5016
}